ID;Блок;Текущий статус;Что дает желтый;Что дает зеленый;Владелец;Следующее действие;Ссылка
"BLK01";"Безопасный контрольный заказ";"красный";"Игорь вернул частичный маршрут с ID заказа и видимостью в системе, но не хватает событий/support/скринов.";"R01 принят: есть order_id, вопрос, назначение, ответ, события без реальной отправки, support-case и маршрут в админке.";"Игорь + PM";"Получить R01 и принять через лист приемки.";"backend-admin-safe-order-execution-board-2026-06-06.html"
"BLK02";"Первый эксперт для проверки";"красный";"Есть кандидат E01, анкета и пробный ответ, но не закрыт SLA/доступ/замечания.";"E01 принят для проверки: есть анкета, доступность, SLA, пробный ответ, scorecard и итоговый verdict.";"PM + Ксения + E01";"Получить R02, принять или вернуть missing list.";"first-five-expert-admission-execution-board-2026-06-06.html"
"BLK03";"Проверка перед рекламой";"красный";"Есть accepted R01 и E01, но не закрыты route событий/support или не готов QA-пакет.";"Есть опубликованный отчет проверки PASS/WARN/STOP по контрольному заказу.";"QA + PM";"Открывать проверку только после accepted R01/R02.";"prelaunch-qa-proof-contract-2026-06-06.html"
"BLK04";"Уведомления, support и аналитика на одном заказе";"красный";"Поля и события описаны, но нет подтверждения на одном order_id.";"На одном order_id есть event_id, режим без реальной отправки, support_case_id и analytics row.";"Игорь + QA + PM";"Включить в R01 и дальнейшую проверку.";"communications-support-analytics-execution-board-2026-06-06.html"
"BLK05";"5 экспертов для первого трафика";"красный";"E01 принят для проверки, но E02-E05 еще не приняты или не ясен дневной лимит.";"E01-E05 приняты или утвержден ограниченный лимит мощности для первого теста.";"PM + Ксения";"После E01 добрать E02-E05 по единому листу допуска.";"first-five-expert-admission-capture-sheet-2026-06-06.html"
"BLK06";"Документы, оплата и правила публичной продажи";"красный";"PM подготовил HTML-ready пакет документов и checkout wording, но решения владельца не утверждены.";"Утверждены продавец, платежный путь, descriptor, refund path, география и тексты публичной оплаты.";"Владелец + PM";"Готовить пакет без публикации; решение владельца отдельно.";"public-docs-checkout-execution-board-2026-06-06.html"
"BLK07";"Аналитика покупки и экономика";"красный";"Модель полей описана, но нет строки по контрольному заказу.";"Есть связка source/session/order/value/currency/service/support/outcome, по которой можно считать первый тест.";"Игорь + PM";"Проверить на safe order и после отчета проверки.";"purchase-analytics-control-order-capture-sheet-2026-06-06.html"
"BLK08";"Критичные экраны и связь с системой";"желтый";"Для экрана есть макет и смысл, но не доказаны действие, системная связь, текст ошибки или проверка.";"Для критичных экранов есть screen contract: макет, действие, системная связь, контент, ошибка, критерий проверки.";"PM + Антон + Игорь";"Вести экранный контракт параллельно R01/R02.";"oracle-nebula-screen-contract-2026-06-06.html"
"BLK09";"Источники, закрытые ссылки и база знаний";"желтый";"Источник найден, но извлечен частично или только как метаданные.";"Источник извлечен по содержанию или зафиксирован как access-needed с причиной и влиянием на запуск.";"PM + Алексей при доступе";"Добрать доступное автономно, доступ просить только по критичному пробелу.";"pm-source-access-gap-register-2026-06-06.html"
