Группа;Что есть в дизайне;Что нужно в Confideline;Контент;Проверка;Статус;Следующий шаг
Главная и оффер;home/index/popup;CTA к регистрации, услуге и тестовому заказу;Оффер, доверие, FAQ, ограничения;Клик до регистрации/заказа;Частично;Пакет оффер -> регистрация -> тестовый заказ
Регистрация и вход;login/signup/recovery;Авторизация, восстановление, профиль;Поля, ошибки, согласия, документы;Успех и ошибки входа;Частично;Сверить с route Confideline и auth-отчетами
Коммерческие страницы услуг;psychic/tarot/palm/love/zodiac и др.;Каталог услуг, цена, выбор формата;SEO, FAQ, CTA, дисклеймеры;Страница ведет в платный путь;Частично;Таблица страница -> услуга -> цена -> CTA -> заказ
Личный кабинет клиента;Не доказан полностью;История заказов, вопрос, чат, поддержка;Статусы, инструкции, support copy;После оплаты виден вопрос/чат/ответ;Не доказано;Найти Figma/PNG/HTML или поставить задачу Антону
Чат клиента и эксперта;Есть задачи и админский контур;Привязка сообщений к консультации;Шаблоны, подсказки, перевод;Вопрос -> ответ -> жалоба -> закрытие;Частично;Связать с пакетом Игорю
Рабочее место эксперта/агента;Не доказано как отдельный кабинет;Задачи, чат, дедлайн, начисления, качество;Регламент, школа, чек-листы;Эксперт получает задачу и отвечает;Не доказано;Сделать пакет экранов рабочего места эксперта
Админка и очереди;Отдельные веб-контуры;Очереди, назначение, просрочки, жалобы, события;Статусы, шаблоны решений;Админ видит проблемы без поиска;Частично;Вести отдельным административным слоем
Документы и доверие;FAQ/privacy в публичной карте;Terms/Privacy/Refund/Disclaimer/Support;HTML-ready тексты и переменные;Ссылки открываются, нет dating legacy;Нужно переписать;Связать с юридическим HTML-пакетом
Блог и прогрев;blog/blog input;Публикация, SEO, CTA в услугу;Контент-план, статьи, перелинковка;Статья ведет в регистрацию/заказ;После главного пути;Не ставить выше платной консультации
