"Order","Work","Owner","Priority","Hours","Result","Proof","Acceptance","Trello"
"1","Платная консультация как единый заказ","Игорь + PM","Красный","24-40","На backend есть сущность платной консультации: заказ, вопрос, эксперт/агент, статус, ответ, связь с оплатой, события и support.","consultation-domain-layer-tz.html; paid-consultation-igor-qa-package.html","Можно создать тестовый заказ без реального списания и увидеть его в админке.","Проверка страниц и функций перед запуском рекламы"
"2","Путь клиента от оффера до ответа","Антон + Игорь + PM","Красный","20-32","Клиент видит услугу, выбирает эксперта/тему, проходит checkout, задает вопрос, видит статус и получает ответ.","client-journey-readiness-map.html; jun-08-screen-content-pack-v1.html","Один тестовый клиент проходит путь без ручных объяснений PM.","Проверка страниц и функций перед запуском рекламы"
"3","Рабочее место эксперта и агента","Игорь + PM","Красный","20-30","Эксперт/агент по роли видит назначенные консультации, сроки, контекст клиента, поле ответа, чек-лист качества и начисления.","expert-agent-workspace-igor-qa-package.html; expert-agent-workspace-readiness.html","Тестовый эксперт получает задачу, отвечает, админ видит статус и качество.","Пакет рабочего места эксперта и агента в админке"
"4","Support, жалобы и возвраты","Игорь + PM","Красный","14-24","Есть обращение клиента, связь с заказом/чатом, статусы, шаблоны решения, escalation и refund boundary.","support-refund-igor-qa-package.html; support-refund-readiness.html","Можно обработать сценарии: эксперт молчит, клиент недоволен, платеж завис, ответ спорный.","Проверка страниц и функций перед запуском рекламы"
"5","Уведомления и события без реальных писем","Игорь + PM/QA","Желтый","12-20","События заказа, вопроса, назначения, ответа, просрочки, support и refund пишутся в лог/preview; письма не отправляются клиентам.","email-notifications-igor-qa-package.html; events.html","No-send preview показывает нужные письма и переменные по тестовому заказу.","Email tempates"
"6","Юридический пакет для checkout и публичных страниц","PM + founder/legal","Красный","10-18","Terms, Privacy, Refund, Disclaimer, FAQ и checkout disclosures подготовлены в HTML-ready виде, но публикация только после legal/founder gate.","legal-docs-readiness.html; legal-content-package.html","На каждом публичном и платежном экране понятно, что продается, какие ограничения и как работает support/refund.","Проверка страниц и функций перед запуском рекламы"
"7","Ревизия Ксении по школе и регламенту","Ксения + PM","Желтый","4-8","Ксения проверяет подготовленный пакет как эксперт-новичок: что непонятно, что не применимо, где рискованные формулировки.","ksenia-review-ready-package.html; nebula-pbexpert-ksenia-source-proof.html","Есть конкретный ответ Ксении, PM принял/отклонил правки и обновил регламент/школу.","Описать регламент работы на основе Nebula / PbExpert"
"8","Сквозной QA перед рекламой","QA/tester + PM","Красный","12-20","Пройден полный тест: оффер, checkout без реального списания, вопрос, назначение, ответ, уведомления, support, отчет.","pre-traffic-qa-decision-package.html; launch-test-scenario.html","Есть QA-report со скринами, логами, PASS/WARN/STOP и запретом/разрешением малого трафика.","Проверка страниц и функций перед запуском рекламы"
"9","Go/no-go первого рекламного теста","PM + founder","Красный","4-8","Решение: можно ли включать малый трафик, какой бюджет, какие stop-сигналы, какой отчет и кто смотрит ежедневно.","marketing-traffic-test-handoff.html; first-sales-economics.html","Трафик включается только после PASS по QA, legal/payment gates и capacity 5 экспертов.","Маркетинг / будущий спринт"
