"sort","key","name","type_id","type_label","count_user_settings","subject_email","event_name","condition_id","delay","source_trigger","needs_new_backend_event","when_to_send","why_send","settings_reason","backend_gate","import_decision","test_scenario","required_backend_variables"
"0","user_registration","Регистрация пользователя","1","service","0","Добро пожаловать в {{siteName}}","user.register","0","0","user_registered","False","Сразу после создания аккаунта по событию user.register.","Это отдельное welcome/service-письмо: оно подтверждает факт регистрации, но не заменяет письмо подтверждения email.","Сервисное письмо, type_id 1, event user.register, condition_id 0, delay 0, count_user_settings 0.","Пользователь создан; письмо не должно отправляться повторно для условий 1/3 days; подтверждение email обрабатывается отдельным user.email_confirmation.","Загружать в отдельный User registration / No conditions шаблон. Не подменять им Email confirmation.","Создать тестового пользователя; проверить welcome-письмо, затем отдельно проверить email confirmation.","legalMerchantName, privacyUrl, refundPolicyUrl, siteName, siteUrl, supportEmail, termsUrl, userName"
"1","email_confirmation","Подтверждение email","1","service","0","Подтвердите email для {{siteName}}","user.email_confirmation","0","0","email_confirmation_required","False","Сразу после регистрации или смены email, когда адрес еще не подтвержден.","Закрывает базовый доступ и доставляемость: пользователь подтверждает адрес, а сервис получает рабочий email для критичных уведомлений.","Сервисное письмо, без учета пользовательских email-настроек, без задержки и без дополнительных условий.","У пользователя есть неподтвержденный email; confirmation token активен; письмо не отправлялось повторно слишком часто.","Можно импортировать первым, но backend-trigger все равно подтвердить в актуальном коде.","Создать тестового пользователя или запросить повторное подтверждение email; проверить ссылку, срок действия и отсутствие жесткого рабочего названия проекта в тексте.","confirmationExpiresAt, confirmUrl, legalMerchantName, privacyUrl, refundPolicyUrl, siteName, siteUrl, supportEmail, termsUrl, userName"
"2","password_reset","Сброс пароля","1","service","0","Сброс пароля для {{siteName}}","user.password_recovery","0","0","password_reset_requested","True","Сразу после запроса восстановления пароля.","Критичное security-письмо: пользователь должен быстро и безопасно восстановить доступ.","Сервисное письмо, без opt-out, delay 0, condition 0. Не должно зависеть от маркетинговых настроек.","Запрос восстановления создан; reset token активен; не превышен rate limit; email принадлежит найденному аккаунту или используется безопасный одинаковый ответ.","Нужен backend event или привязка к текущему mailer восстановления пароля.","Запросить восстановление пароля на тестовом аккаунте; проверить одноразовость ссылки, срок действия и отсутствие раскрытия существования аккаунта.","legalMerchantName, privacyUrl, refundPolicyUrl, resetExpiresAt, resetUrl, siteName, siteUrl, supportEmail, termsUrl, userName"
"3","security_change_alert","Изменение безопасности","1","service","0","Изменение безопасности в аккаунте {{siteName}}","security.security_change","0","0","security_setting_changed","True","Сразу после изменения пароля, email, 2FA или другого чувствительного параметра аккаунта.","Снижает риск захвата аккаунта: пользователь видит подозрительное изменение и может обратиться в поддержку.","Сервисное security-письмо, без пользовательского opt-out, delay 0, condition 0.","Изменение безопасности действительно сохранено; есть тип изменения, время, IP/устройство если это разрешено политикой приватности.","Нужен новый backend event и согласованный список типов security-событий.","Изменить пароль/2FA в тестовом аккаунте; проверить, что письмо не содержит лишних персональных или технических данных.","accountSecurityUrl, legalMerchantName, privacyUrl, refundPolicyUrl, securityChangedAt, siteName, siteUrl, supportEmail, termsUrl, userName"
"4","payment_success_receipt","Оплата подтверждена","1","service","0","Оплата подтверждена: чат-консультация {{siteName}} готова","payment.success","0","0","payment_success","False","Сразу после успешного подтверждения платежа платежным провайдером.","Дает пользователю уверенность, чек/статус оплаты и быстрый переход к чату с экспертом.","Сервисное платежное письмо, delay 0, condition 0, без учета маркетинговых настроек.","Платеж имеет финальный success/paid status; заказ связан с консультацией; сумма и orderId доступны.","Event есть в dropdown, но нужен реальный trigger от платежного контура.","Провести тестовую оплату/sandbox callback; проверить сумму, orderId, ссылку на чат и отсутствие дублей при повторном webhook.","advisorName, amount, chatUrl, currency, firstResponseSla, legalMerchantName, merchantDescriptor, orderId, paidAt, privacyUrl, receiptUrl, refundPolicyUrl, siteName, siteUrl, supportEmail, termsUrl, userName"
"5","payment_failed","Оплата не прошла","1","service","0","Оплата не прошла","payment.error","0","0","payment_failed","False","После финального отказа платежа или ошибки, когда пользователь может повторить попытку.","Снижает потерю оплачиваемого сценария: объясняет статус и дает аккуратный путь повторить оплату.","Сервисное письмо, delay 0, condition 0. Не отправлять на каждую промежуточную provider-ошибку.","Платеж в failed/error status; заказ не оплачен; доступна безопасная ссылка повторной оплаты.","Event есть в dropdown, но нужно подтвердить точку вызова и дедупликацию.","Смоделировать failed payment; проверить один email на одну попытку и корректный retry URL.","amount, checkoutUrl, currency, legalMerchantName, privacyUrl, refundPolicyUrl, siteName, siteUrl, supportUrl, termsUrl, userName"
"6","payment_started","Оплата начата, но не завершена","3","marketing","1","Вы можете завершить оплату чат-консультации","payment.init","0","2","payment_started_not_completed","False","Через 2 часа после начала оплаты, только если заказ остался неоплаченным.","Аккуратное восстановление незавершенного платежа без давления: пользователь мог закрыть страницу или потерять ссылку.","Маркетингово-поведенческое письмо: type_id 3, count_user_settings 1, event payment.init, delay 2, condition 0.","Payment init создан; success/error/refund не наступили; нет более свежей успешной оплаты по этому заказу; пользователь не отписан от таких писем.","Event есть в dropdown, но delay должен работать как отложенная проверка состояния, а не как мгновенный email.","Создать платеж и не завершать его; через тестовый delay проверить, что письмо уходит только для unpaid order. При success/error до delay письмо должно быть отменено.","amount, checkoutUrl, currency, emailPreferencesUrl, legalMerchantName, privacyUrl, refundPolicyUrl, siteName, siteUrl, termsUrl, unsubscribeUrl, userName"
"7","paid_chat_no_message_reminder","Оплаченный чат без первого сообщения","2","behavior","0","Чат с экспертом доступен - осталось написать сообщение","message.no_first_chat_message","5","2","paid_chat_no_message_after_delay","True","Через 2 часа после оплаты/открытия чата, если пользователь так и не написал первое сообщение.","Сохраняет ценность оплаченной консультации: пользователь купил доступ, но не сделал главный шаг.","Поведенческое сервисное письмо: type_id 2, condition_id 5 No messages, delay 2, count_user_settings 0.","Чат оплачен и активен; от пользователя нет первого сообщения; консультация не закрыта; reminder еще не отправлялся.","Нужен новый backend event или cron/queue job с проверкой no messages.","Оплатить тестовый чат и не писать сообщение; проверить отправку после delay и отсутствие письма, если сообщение появилось до delay.","chatUrl, legalMerchantName, orderId, privacyUrl, refundPolicyUrl, siteName, siteUrl, supportUrl, termsUrl, userName"
"8","chat_message_received","Сообщение клиента принято","2","behavior","0","Сообщение принято: эксперт получил ваш чат","message.received","0","0","customer_chat_message_submitted","False","Сразу после отправки пользователем сообщения в чат, обычно первого или важного сообщения.","Снимает тревогу после оплаты: пользователь понимает, что сообщение принято и эксперт его увидит.","Поведенческое уведомление, delay 0, condition 0. Нужно отличать направление client -> advisor.","Создано сообщение от клиента; чат активен; это не системное сообщение; событие не должно сработать на ответ эксперта.","Event message.received есть в dropdown, но нужен direction/context, иначе конфликт с письмом ответа эксперта.","Отправить сообщение клиентом; проверить, что уходит это письмо, а не advisor_chat_reply_ready.","advisorName, answerDueAt, chatUrl, consultationId, legalMerchantName, privacyUrl, refundPolicyUrl, siteName, siteUrl, termsUrl, userName"
"9","chat_sla_delay","Ответ эксперта задерживается","2","behavior","0","Статус чата: ответ задерживается","message.answer_delayed","0","0","chat_answer_sla_delay_detected","True","Когда SLA ответа нарушен или приближается к нарушению, а ответа эксперта все еще нет.","Предотвращает недоверие и обращения в поддержку: пользователь видит, что сервис контролирует задержку.","Поведенческое сервисное письмо, delay 0 на момент SLA job, condition 0. Сам delay должен жить в SLA job, не в шаблоне.","Есть активный оплаченный чат; клиент ждет ответа; SLA threshold достигнут; эксперт еще не ответил; письмо не отправлялось ранее по этой задержке.","Нужен новый backend event/message.answer_delayed и SLA-проверка.","Создать чат без ответа эксперта и искусственно сдвинуть время; проверить одно письмо и отмену, если эксперт ответил.","answerDueAt, chatUrl, consultationId, legalMerchantName, privacyUrl, refundPolicyUrl, siteName, siteUrl, supportCaseId, supportCaseUrl, termsUrl, updatedAnswerEta, userName"
"10","advisor_chat_reply_ready","Эксперт ответил в чате","2","behavior","0","Эксперт ответил в чате","message.received","0","0","advisor_chat_reply_created","False","Сразу после публикации ответа эксперта клиенту.","Главное retention-письмо консультации: возвращает пользователя в кабинет к готовому ответу.","Поведенческое уведомление, delay 0, condition 0. Нужно отличать направление advisor -> client.","Создан ответ эксперта; ответ видим клиенту; клиент не находится уже в активном чате/не получил realtime-уведомление в той же сессии.","Event message.received есть в dropdown, но нужен direction/context или отдельный event, чтобы не конфликтовать с chat_message_received.","Создать ответ эксперта; проверить, что письмо ушло клиенту и содержит ссылку на конкретный чат.","advisorName, chatUrl, legalMerchantName, privacyUrl, refundPolicyUrl, siteName, siteUrl, supportEmail, supportUrl, termsUrl, userName"
"11","support_ticket_opened","Обращение в поддержку создано","2","behavior","0","Обращение в поддержку создано","support.ticket.opened","0","0","support_ticket_opened","True","Сразу после создания обращения пользователем или оператором от имени пользователя.","Фиксирует факт обращения и снижает повторные обращения: пользователь знает номер и дальнейший путь.","Поведенческое сервисное письмо, delay 0, condition 0, без маркетингового opt-out.","Support case создан; есть supportCaseId; обращение доступно пользователю; письмо не дублируется при каждом комментарии.","Нужен backend event support.ticket.opened или привязка к текущей support-модели.","Создать тестовое обращение; проверить номер, ссылку и отсутствие отправки при внутренней операторской заметке.","legalMerchantName, privacyUrl, refundPolicyUrl, siteName, siteUrl, supportCaseId, supportCaseUrl, supportEmail, termsUrl, userName"
"12","support_reply","Поддержка ответила","2","behavior","0","Поддержка ответила по обращению #{{supportCaseId}}","support.message.received","0","0","support_reply_created","False","Сразу после публичного ответа поддержки пользователю.","Возвращает пользователя к решению вопроса и уменьшает пропущенные ответы поддержки.","Поведенческое сервисное письмо, delay 0, condition 0.","Создан публичный ответ поддержки; есть supportCaseId; сообщение не является внутренней заметкой.","Event есть в dropdown, но нужно подтвердить реальный trigger и переменные supportCaseId/supportUrl.","Ответить в тестовом тикете публичным сообщением; проверить письмо и ссылку на обращение.","legalMerchantName, privacyUrl, refundPolicyUrl, siteName, siteUrl, supportCaseId, supportCaseStatus, supportCaseUrl, supportEmail, supportUpdatedAt, termsUrl, userName"
"13","refund_confirmed","Возврат подтвержден","2","behavior","0","Возврат по заказу #{{orderId}} подтверждён","payment.refund","0","0","refund_confirmed","False","После финального подтверждения возврата платежным или финансовым контуром.","Сервисное финансовое письмо: снижает тревогу по деньгам и фиксирует ожидания по срокам.","Поведенческое/сервисное финансовое письмо, delay 0, condition 0, без маркетингового opt-out.","Refund имеет confirmed/processed status; сумма и orderId известны; событие дедуплицировано по refundId.","Event payment.refund есть в dropdown, но нужно различить confirmed и update.","Смоделировать refund confirmed; проверить сумму, orderId, refundEta и отсутствие дубля при повторном webhook.","currency, legalMerchantName, orderId, privacyUrl, processorRefundId, refundAmount, refundEta, refundPolicyUrl, siteName, siteUrl, supportCaseUrl, supportEmail, termsUrl, userName"
"14","refund_case_update","Статус возврата обновлен","2","behavior","0","Статус возврата обновлён","payment.refund","0","0","refund_case_updated","False","Когда по возврату появляется значимое изменение статуса, но это еще не финальное подтверждение.","Держит пользователя в курсе спорного/длинного финансового процесса.","Поведенческое финансовое письмо, delay 0, condition 0.","Статус refund case изменился на пользовательски значимый; не отправлять на технические/внутренние статусы.","Текущий event payment.refund общий; желательно status/context или отдельный event для update.","Перевести refund case между пользовательскими статусами; проверить, что письмо не уходит на внутренние изменения.","legalMerchantName, privacyUrl, refundPolicyUrl, siteName, siteUrl, supportCaseId, supportCaseUrl, supportUpdatedAt, termsUrl, userName"
"15","same_advisor_followup_offer","Продолжить с тем же экспертом","3","marketing","1","Можно продолжить чат с {{advisorName}}","advisor.followup.offer","0","72","same_advisor_followup_allowed","True","Через 72 часа после завершения консультации, если повторная консультация разрешена и уместна.","Мягкое коммерческое продолжение: пользователь может вернуться к знакомому эксперту без поиска заново.","Маркетинговое письмо: type_id 3, count_user_settings 1, delay 72, condition 0.","Чат завершен; эксперт доступен; нет открытого активного чата; пользователь не отписан; тематика не запрещает follow-up.","Нужен новый backend event advisor.followup.offer и бизнес-правила допустимого follow-up.","Закрыть тестовый чат; проверить отправку через 72 часа только при разрешенном follow-up и активных user settings.","advisorName, chatUrl, emailPreferencesUrl, followupOfferUrl, legalMerchantName, privacyUrl, refundPolicyUrl, siteName, siteUrl, termsUrl, unsubscribeUrl, userName"
"16","review_request","Попросить оценку консультации","3","marketing","1","Оцените опыт консультации в чате","review.left","0","24","review_request_allowed","False","Через 24 часа после завершения консультации, если отзыв еще не оставлен.","Собирает обратную связь и помогает контролировать качество экспертов.","Маркетингово-поведенческое письмо: type_id 3, count_user_settings 1, event review.left сейчас спорный, delay 24.","Консультация завершена; review еще не оставлен; нет активной жалобы/refund по консультации; пользователь не отписан.","Event review.left в dropdown звучит как 'отзыв оставлен', поэтому для request лучше отдельный review.request или строгая проверка текущей логики.","Завершить чат без отзыва; проверить письмо через delay. Затем оставить отзыв до delay и убедиться, что письмо не ушло.","emailPreferencesUrl, legalMerchantName, privacyUrl, refundPolicyUrl, reviewUrl, siteName, siteUrl, termsUrl, unsubscribeUrl, userName"
"17","d2_chat_reflection","Чат сохранен, можно вернуться","3","marketing","1","Ваш чат с экспертом сохранён","message.chat_saved","0","48","d2_chat_reflection_allowed","True","Через 48 часов после завершения/сохранения чата.","Ненавязчиво возвращает пользователя к ценности консультации и истории ответа.","Маркетингово-поведенческое письмо: type_id 3, count_user_settings 1, delay 48, condition 0.","Чат завершен и доступен в кабинете; нет удаления/возврата/спора; пользователь не отписан.","Нужен backend event message.chat_saved или отдельный lifecycle event.","Закрыть чат и дождаться/смоделировать 48 часов; проверить ссылку на сохраненный чат и respect user settings.","chatUrl, emailPreferencesUrl, legalMerchantName, privacyUrl, refundPolicyUrl, siteName, siteUrl, termsUrl, unsubscribeUrl, userName"
"18","safety_notice","Важная информация о поддержке","1","service","0","Важная информация о поддержке","support.safety_notice","0","0","safety_flow_notice","True","По событию safety/support flow: предупреждение, важная инструкция, ограничение или безопасный канал связи.","Сервисная защита пользователя и компании: сообщает важные правила без маркетинга.","Сервисное письмо, type_id 1, count_user_settings 0, delay 0, condition 0.","Есть подтвержденное safety-событие; текст соответствует юридически утвержденному сценарию; не раскрывает чувствительные подробности.","Нужен backend event support.safety_notice и юридическое согласование текста/триггеров.","Смоделировать safety flow; проверить, что письмо уходит только адресату и не содержит лишних деталей.","legalMerchantName, privacyUrl, refundPolicyUrl, siteName, siteUrl, supportEmail, supportUrl, termsUrl, userName"
"19","minor_or_age_restriction_notice","Ограничение доступа по возрасту/правилам","1","service","0","Доступ к сервису ограничен","user.age_restricted","0","0","minor_or_age_restricted","True","Сразу после решения ограничить доступ к сервису по возрасту или правилам платформы.","Юридически аккуратно объясняет ограничение и дает путь в поддержку без спорных деталей.","Сервисное legal-письмо, type_id 1, count_user_settings 0, delay 0, condition 0.","Решение об ограничении принято надежным процессом; пользовательский аккаунт/сессия ограничены; есть ссылка поддержки.","Нужен backend event user.age_restricted и юридическое подтверждение формулировок.","На тестовом аккаунте применить ограничение; проверить письмо, поддержку и отсутствие деталей, которые нельзя раскрывать.","legalMerchantName, privacyUrl, refundPolicyUrl, siteName, siteUrl, supportEmail, supportUrl, termsUrl, userName"

