seconds,timecode,file,reason,diff
0.000,00:00:00,00-00-00_changed.jpg,changed,1.0000
10.000,00:00:10,00-00-10_changed.jpg,changed,0.5173
20.000,00:00:20,00-00-20_changed.jpg,changed,0.5019
30.000,00:00:30,00-00-30_changed.jpg,changed,0.3898
110.000,00:01:50,00-01-50_changed.jpg,changed,0.2206
180.000,00:03:00,00-03-00_changed.jpg,changed,0.2172
200.000,00:03:20,00-03-20_changed.jpg,changed,0.2180
230.000,00:03:50,00-03-50_changed.jpg,changed,0.2096
250.000,00:04:10,00-04-10_changed.jpg,changed,0.1403
290.000,00:04:50,00-04-50_changed.jpg,changed,0.1418
390.000,00:06:30,00-06-30_changed.jpg,changed,0.2253
500.000,00:08:20,00-08-20_changed.jpg,changed,0.2229
620.000,00:10:20,00-10-20_periodic.jpg,periodic,0.0157
640.000,00:10:40,00-10-40_changed.jpg,changed,0.1591
680.000,00:11:20,00-11-20_changed.jpg,changed,0.1438
750.000,00:12:30,00-12-30_changed.jpg,changed,0.0992
770.000,00:12:50,00-12-50_changed.jpg,changed,0.3489
890.000,00:14:50,00-14-50_periodic.jpg,periodic,0.0234
1010.000,00:16:50,00-16-50_periodic.jpg,periodic,0.0231
1130.000,00:18:50,00-18-50_periodic.jpg,periodic,0.0203
1180.000,00:19:40,00-19-40_changed.jpg,changed,0.1556
1210.000,00:20:10,00-20-10_changed.jpg,changed,0.1107
1330.000,00:22:10,00-22-10_periodic.jpg,periodic,0.0213
1410.000,00:23:30,00-23-30_changed.jpg,changed,0.0983
1530.000,00:25:30,00-25-30_periodic.jpg,periodic,0.0708
1650.000,00:27:30,00-27-30_periodic.jpg,periodic,0.0222
1770.000,00:29:30,00-29-30_periodic.jpg,periodic,0.0150
1850.000,00:30:50,00-30-50_changed.jpg,changed,0.1233
1860.000,00:31:00,00-31-00_changed.jpg,changed,0.1096
1980.000,00:33:00,00-33-00_periodic.jpg,periodic,0.0236
2100.000,00:35:00,00-35-00_periodic.jpg,periodic,0.0207
2220.000,00:37:00,00-37-00_periodic.jpg,periodic,0.0211
2340.000,00:39:00,00-39-00_periodic.jpg,periodic,0.0218
2460.000,00:41:00,00-41-00_periodic.jpg,periodic,0.0133
2580.000,00:43:00,00-43-00_periodic.jpg,periodic,0.0552
2700.000,00:45:00,00-45-00_periodic.jpg,periodic,0.0328
2820.000,00:47:00,00-47-00_periodic.jpg,periodic,0.0170
2940.000,00:49:00,00-49-00_periodic.jpg,periodic,0.0537
3060.000,00:51:00,00-51-00_periodic.jpg,periodic,0.0289
3130.000,00:52:10,00-52-10_changed.jpg,changed,0.0949
3150.000,00:52:30,00-52-30_changed.jpg,changed,0.0890
3270.000,00:54:30,00-54-30_periodic.jpg,periodic,0.0274
3390.000,00:56:30,00-56-30_periodic.jpg,periodic,0.0040
3440.000,00:57:20,00-57-20_changed.jpg,changed,0.1466
3560.000,00:59:20,00-59-20_periodic.jpg,periodic,0.0276
3680.000,01:01:20,01-01-20_changed.jpg,changed,0.1229
3800.000,01:03:20,01-03-20_changed.jpg,changed,0.1215
3920.000,01:05:20,01-05-20_changed.jpg,changed,0.1372
4040.000,01:07:20,01-07-20_periodic.jpg,periodic,0.0218
4160.000,01:09:20,01-09-20_periodic.jpg,periodic,0.0039
4280.000,01:11:20,01-11-20_changed.jpg,changed,0.0839
4400.000,01:13:20,01-13-20_periodic.jpg,periodic,0.0022
4520.000,01:15:20,01-15-20_periodic.jpg,periodic,0.0040
4640.000,01:17:20,01-17-20_periodic.jpg,periodic,0.0079
4740.000,01:19:00,01-19-00_changed.jpg,changed,0.0847
4860.000,01:21:00,01-21-00_periodic.jpg,periodic,0.0076
4910.000,01:21:50,01-21-50_changed.jpg,changed,0.0797
4980.000,01:23:00,01-23-00_changed.jpg,changed,0.3913
5000.000,01:23:20,01-23-20_changed.jpg,changed,0.1886
5050.000,01:24:10,01-24-10_changed.jpg,changed,0.1872
5060.000,01:24:20,01-24-20_changed.jpg,changed,0.1996
5090.000,01:24:50,01-24-50_changed.jpg,changed,0.2134
5120.000,01:25:20,01-25-20_changed.jpg,changed,0.1892
5130.000,01:25:30,01-25-30_changed.jpg,changed,0.1699
5140.000,01:25:40,01-25-40_changed.jpg,changed,0.0819
5260.000,01:27:40,01-27-40_periodic.jpg,periodic,0.0168
5380.000,01:29:40,01-29-40_periodic.jpg,periodic,0.0460
5500.000,01:31:40,01-31-40_periodic.jpg,periodic,0.0005
5620.000,01:33:40,01-33-40_periodic.jpg,periodic,0.0005
5740.000,01:35:40,01-35-40_periodic.jpg,periodic,0.0507
5750.000,01:35:50,01-35-50_changed.jpg,changed,0.0897
5760.000,01:36:00,01-36-00_changed.jpg,changed,0.1154
5880.000,01:38:00,01-38-00_periodic.jpg,periodic,0.0003
5990.000,01:39:50,01-39-50_changed.jpg,changed,0.2216
6010.000,01:40:10,01-40-10_changed.jpg,changed,0.1870
6040.000,01:40:40,01-40-40_changed.jpg,changed,0.1828
6050.000,01:40:50,01-40-50_changed.jpg,changed,0.1854
6150.000,01:42:30,01-42-30_changed.jpg,changed,0.3670
6270.000,01:44:30,01-44-30_periodic.jpg,periodic,0.0195
6390.000,01:46:30,01-46-30_periodic.jpg,periodic,0.0391
6510.000,01:48:30,01-48-30_periodic.jpg,periodic,0.0260
6630.000,01:50:30,01-50-30_periodic.jpg,periodic,0.0407
6750.000,01:52:30,01-52-30_periodic.jpg,periodic,0.0261
6870.000,01:54:30,01-54-30_periodic.jpg,periodic,0.0094
6990.000,01:56:30,01-56-30_periodic.jpg,periodic,0.0138
7110.000,01:58:30,01-58-30_periodic.jpg,periodic,0.0034
7230.000,02:00:30,02-00-30_periodic.jpg,periodic,0.0232
7350.000,02:02:30,02-02-30_periodic.jpg,periodic,0.0083
7470.000,02:04:30,02-04-30_periodic.jpg,periodic,0.0087
7500.000,02:05:00,02-05-00_changed.jpg,changed,0.0797
7620.000,02:07:00,02-07-00_periodic.jpg,periodic,0.0389
7740.000,02:09:00,02-09-00_periodic.jpg,periodic,0.0526
7810.000,02:10:10,02-10-10_changed.jpg,changed,0.1132
7930.000,02:12:10,02-12-10_periodic.jpg,periodic,0.0667
8000.000,02:13:20,02-13-20_changed.jpg,changed,0.3591
8120.000,02:15:20,02-15-20_periodic.jpg,periodic,0.0571
8240.000,02:17:20,02-17-20_periodic.jpg,periodic,0.0060
8310.000,02:18:30,02-18-30_changed.jpg,changed,0.1278
8320.000,02:18:40,02-18-40_changed.jpg,changed,0.1149
8340.000,02:19:00,02-19-00_changed.jpg,changed,0.0931
8410.000,02:20:10,02-20-10_changed.jpg,changed,0.2295
8420.000,02:20:20,02-20-20_changed.jpg,changed,0.0984
8470.000,02:21:10,02-21-10_changed.jpg,changed,0.0989
8490.000,02:21:30,02-21-30_changed.jpg,changed,0.1262
8510.000,02:21:50,02-21-50_changed.jpg,changed,0.1133
8540.000,02:22:20,02-22-20_changed.jpg,changed,0.6827
8560.000,02:22:40,02-22-40_changed.jpg,changed,0.1766
8580.000,02:23:00,02-23-00_changed.jpg,changed,0.3108
8590.000,02:23:10,02-23-10_changed.jpg,changed,0.2674
8600.000,02:23:20,02-23-20_changed.jpg,changed,0.5075
8620.000,02:23:40,02-23-40_changed.jpg,changed,0.4974
8640.000,02:24:00,02-24-00_changed.jpg,changed,0.4976
8740.000,02:25:40,02-25-40_changed.jpg,changed,0.4139
8760.000,02:26:00,02-26-00_changed.jpg,changed,0.4164
8790.000,02:26:30,02-26-30_changed.jpg,changed,0.4761
8800.000,02:26:40,02-26-40_changed.jpg,changed,0.4809
8850.000,02:27:30,02-27-30_changed.jpg,changed,0.4364
8860.000,02:27:40,02-27-40_changed.jpg,changed,0.4346
8880.000,02:28:00,02-28-00_changed.jpg,changed,0.5851
8950.000,02:29:10,02-29-10_changed.jpg,changed,0.5913
8970.000,02:29:30,02-29-30_changed.jpg,changed,0.5980
9060.000,02:31:00,02-31-00_changed.jpg,changed,0.1166
9080.000,02:31:20,02-31-20_changed.jpg,changed,0.1123
9120.000,02:32:00,02-32-00_changed.jpg,changed,0.5840
9130.000,02:32:10,02-32-10_changed.jpg,changed,0.5540
9140.000,02:32:20,02-32-20_changed.jpg,changed,0.0784
9170.000,02:32:50,02-32-50_changed.jpg,changed,0.0863
9180.000,02:33:00,02-33-00_changed.jpg,changed,0.0833
9200.000,02:33:20,02-33-20_changed.jpg,changed,0.1540
9210.000,02:33:30,02-33-30_changed.jpg,changed,0.1670
9260.000,02:34:20,02-34-20_changed.jpg,changed,0.5719
